{"cameraMode":{"drawMode":0,"name":"Shaded","section":"Shading Mode"},"sceneLighting":false,"audioPlay":false,"sceneViewState":{"m_AlwaysRefresh":false,"showFog":true,"showSkybox":false,"showFlares":true,"showImageEffects":true,"showParticleSystems":true,"showVisualEffectGraphs":true,"m_FxEnabled":true},"in2DMode":false,"pivot":{"x":13.118209838867188,"y":3.9770774841308595,"z":-1.8730182647705079},"rotation":{"x":0.08393438905477524,"y":0.4949807822704315,"z":-0.04811349883675575,"w":0.8635007739067078},"size":5.523087978363037,"orthographic":false}