{"cameraMode":{"drawMode":0,"name":"Shaded","section":"Shading Mode"},"sceneLighting":false,"audioPlay":false,"sceneViewState":{"m_AlwaysRefresh":false,"showFog":true,"showSkybox":false,"showFlares":true,"showImageEffects":true,"showParticleSystems":true,"showVisualEffectGraphs":true,"m_FxEnabled":true},"in2DMode":false,"pivot":{"x":9.070520401000977,"y":0.6489973068237305,"z":7.839873313903809},"rotation":{"x":-0.17409463226795197,"y":-0.37285664677619936,"z":0.07144060730934143,"w":-0.9086138606071472},"size":22.938114166259767,"orthographic":false}