{"cameraMode":{"drawMode":0,"name":"Shaded","section":"Shading Mode"},"sceneLighting":true,"audioPlay":false,"sceneViewState":{"m_AlwaysRefresh":false,"showFog":true,"showSkybox":true,"showFlares":true,"showImageEffects":true,"showParticleSystems":true,"showVisualEffectGraphs":true,"m_FxEnabled":true},"in2DMode":false,"pivot":{"x":258.34857177734377,"y":-101.29524230957031,"z":222.07754516601563},"rotation":{"x":0.2138560563325882,"y":0.4240763187408447,"z":-0.10377690196037293,"w":0.8738903999328613},"size":260.1603698730469,"orthographic":false}